{"mean":{"confidence_interval":{"confidence_level":0.99,"lower_bound":903086.3998537201,"upper_bound":975990.6562039171},"point_estimate":937569.3352319405,"standard_error":14183.607278488218},"median":{"confidence_interval":{"confidence_level":0.99,"lower_bound":857845.2743902439,"upper_bound":872012.7304054054},"point_estimate":860991.0714285714,"standard_error":2273.7265229648156},"median_abs_dev":{"confidence_interval":{"confidence_level":0.99,"lower_bound":6144.050354079151,"upper_bound":30003.225372050605},"point_estimate":11764.842656267252,"standard_error":4304.290010118034},"slope":{"confidence_interval":{"confidence_level":0.99,"lower_bound":879848.391885426,"upper_bound":944966.6164703448},"point_estimate":908351.5144790896,"standard_error":12833.083022085535},"std_dev":{"confidence_interval":{"confidence_level":0.99,"lower_bound":108123.03152927519,"upper_bound":166320.07902373988},"point_estimate":142258.22544437554,"standard_error":11239.916681701048}}