{"mean":{"confidence_interval":{"confidence_level":0.99,"lower_bound":41845203.05835,"upper_bound":42156015.794975005},"point_estimate":41991054.595,"standard_error":60198.653679042334},"median":{"confidence_interval":{"confidence_level":0.99,"lower_bound":41763812.5,"upper_bound":42094270.5},"point_estimate":41945427.0,"standard_error":73829.10345174833},"median_abs_dev":{"confidence_interval":{"confidence_level":0.99,"lower_bound":332256.5845012665,"upper_bound":597581.1931908131},"point_estimate":452023.2342749834,"standard_error":53155.037684702875},"slope":null,"std_dev":{"confidence_interval":{"confidence_level":0.99,"lower_bound":411827.2615413548,"upper_bound":807394.5226741453},"point_estimate":601950.9709881187,"standard_error":80059.52233743257}}