{"mean":{"confidence_interval":{"confidence_level":0.99,"lower_bound":21247849.29333333,"upper_bound":21496100.709999993},"point_estimate":21360242.083333336,"standard_error":48099.7245286182},"median":{"confidence_interval":{"confidence_level":0.99,"lower_bound":21170722.333333332,"upper_bound":21390666.833333336},"point_estimate":21273889.0,"standard_error":37662.52495614451},"median_abs_dev":{"confidence_interval":{"confidence_level":0.99,"lower_bound":213587.05870806618,"upper_bound":425650.87072868337},"point_estimate":270245.11090219114,"standard_error":40553.756741340214},"slope":null,"std_dev":{"confidence_interval":{"confidence_level":0.99,"lower_bound":304738.7867488504,"upper_bound":715552.0459926054},"point_estimate":483727.9839867417,"standard_error":90157.82587307361}}