{"mean":{"confidence_interval":{"confidence_level":0.99,"lower_bound":2013248.41542,"upper_bound":2041575.669600001},"point_estimate":2025843.1024000014,"standard_error":5466.825898462784},"median":{"confidence_interval":{"confidence_level":0.99,"lower_bound":2003425.0,"upper_bound":2020281.64},"point_estimate":2013992.5,"standard_error":3441.809640208619},"median_abs_dev":{"confidence_interval":{"confidence_level":0.99,"lower_bound":15666.069644311861,"upper_bound":30310.511077880736},"point_estimate":22671.414713501807,"standard_error":2787.879594231682},"slope":null,"std_dev":{"confidence_interval":{"confidence_level":0.99,"lower_bound":29926.411120947378,"upper_bound":79683.65430594707},"point_estimate":54734.60192970598,"standard_error":10115.514687683792}}