{"mean":{"confidence_interval":{"confidence_level":0.99,"lower_bound":42852881.08,"upper_bound":43385031.017349996},"point_estimate":43099470.455,"standard_error":103351.24858992641},"median":{"confidence_interval":{"confidence_level":0.99,"lower_bound":42529458.0,"upper_bound":43167437.5},"point_estimate":42995583.5,"standard_error":130250.0358939427},"median_abs_dev":{"confidence_interval":{"confidence_level":0.99,"lower_bound":568284.2745576873,"upper_bound":1104243.7962457538},"point_estimate":833931.7212447524,"standard_error":99647.96027493522},"slope":null,"std_dev":{"confidence_interval":{"confidence_level":0.99,"lower_bound":704748.1306827549,"upper_bound":1377602.9693125195},"point_estimate":1040910.2601581055,"standard_error":134715.87318274766}}