{"mean":{"confidence_interval":{"confidence_level":0.99,"lower_bound":42969409.0619,"upper_bound":43513106.616},"point_estimate":43219153.745,"standard_error":105969.29591839242},"median":{"confidence_interval":{"confidence_level":0.99,"lower_bound":42711333.0,"upper_bound":43288416.5},"point_estimate":42986198.0,"standard_error":133800.70712555433},"median_abs_dev":{"confidence_interval":{"confidence_level":0.99,"lower_bound":512269.4255053997,"upper_bound":919167.0423690242},"point_estimate":707786.9263842702,"standard_error":73952.76281991565},"slope":null,"std_dev":{"confidence_interval":{"confidence_level":0.99,"lower_bound":687545.1715112457,"upper_bound":1425232.2932780718},"point_estimate":1065447.3804633145,"standard_error":145990.4526228746}}