{"mean":{"confidence_interval":{"confidence_level":0.99,"lower_bound":31258389.20825,"upper_bound":31584735.93445},"point_estimate":31413622.9,"standard_error":64115.284286559094},"median":{"confidence_interval":{"confidence_level":0.99,"lower_bound":31177344.0,"upper_bound":31418333.0},"point_estimate":31265062.25,"standard_error":47718.487053445206},"median_abs_dev":{"confidence_interval":{"confidence_level":0.99,"lower_bound":291330.8948278427,"upper_bound":711510.1500461708},"point_estimate":462200.5417943001,"standard_error":78173.74182704602},"slope":null,"std_dev":{"confidence_interval":{"confidence_level":0.99,"lower_bound":477119.9654853529,"upper_bound":808403.178273946},"point_estimate":644137.69354835,"standard_error":65734.8228475609}}