{"mean":{"confidence_interval":{"confidence_level":0.99,"lower_bound":2064616.5984000002,"upper_bound":2093061.3516000009},"point_estimate":2076697.8311999997,"standard_error":5504.519804429089},"median":{"confidence_interval":{"confidence_level":0.99,"lower_bound":2056391.64,"upper_bound":2069706.68},"point_estimate":2063999.1600000001,"standard_error":2875.4514673972394},"median_abs_dev":{"confidence_interval":{"confidence_level":0.99,"lower_bound":14650.583103960089,"upper_bound":35987.62359309189},"point_estimate":25667.51204431057,"standard_error":4605.35463729381},"slope":null,"std_dev":{"confidence_interval":{"confidence_level":0.99,"lower_bound":25361.585527345356,"upper_bound":85274.1145567222},"point_estimate":55051.44995800441,"standard_error":12777.65797302053}}