{"mean":{"confidence_interval":{"confidence_level":0.99,"lower_bound":2060314.9378958335,"upper_bound":2102891.5101083335},"point_estimate":2077215.5558333325,"standard_error":8457.370652103176},"median":{"confidence_interval":{"confidence_level":0.99,"lower_bound":2057672.75,"upper_bound":2064895.8333333333},"point_estimate":2061460.0625,"standard_error":1392.4062625964577},"median_abs_dev":{"confidence_interval":{"confidence_level":0.99,"lower_bound":7588.070215284709,"upper_bound":15943.077041954033},"point_estimate":10657.453698292316,"standard_error":1512.987838259681},"slope":null,"std_dev":{"confidence_interval":{"confidence_level":0.99,"lower_bound":16641.581785556144,"upper_bound":136371.92424861874},"point_estimate":84687.65719469592,"standard_error":24436.091403889135}}