{"mean":{"confidence_interval":{"confidence_level":0.99,"lower_bound":21395148.18611667,"upper_bound":21685096.8248},"point_estimate":21529889.156666666,"standard_error":56136.98727921618},"median":{"confidence_interval":{"confidence_level":0.99,"lower_bound":21391833.333333332,"upper_bound":21580083.333333332},"point_estimate":21462027.666666668,"standard_error":40112.9667344795},"median_abs_dev":{"confidence_interval":{"confidence_level":0.99,"lower_bound":216232.53102910344,"upper_bound":488207.816332575},"point_estimate":336189.9222314358,"standard_error":52195.75254834896},"slope":null,"std_dev":{"confidence_interval":{"confidence_level":0.99,"lower_bound":351048.2211545853,"upper_bound":781617.0781403185},"point_estimate":566265.7740324255,"standard_error":86487.59701513076}}