{"mean":{"confidence_interval":{"confidence_level":0.99,"lower_bound":20712793.695649996,"upper_bound":20809196.926016666},"point_estimate":20758798.176666662,"standard_error":18784.343133435857},"median":{"confidence_interval":{"confidence_level":0.99,"lower_bound":20702145.833333336,"upper_bound":20784222.0},"point_estimate":20744034.5,"standard_error":16324.903890070655},"median_abs_dev":{"confidence_interval":{"confidence_level":0.99,"lower_bound":108034.34198200611,"upper_bound":199440.58395922554},"point_estimate":161582.88783132937,"standard_error":17445.398132967446},"slope":null,"std_dev":{"confidence_interval":{"confidence_level":0.99,"lower_bound":135127.4211010988,"upper_bound":238147.85918598046},"point_estimate":188784.1172630498,"standard_error":20145.869173259136}}