{"mean":{"confidence_interval":{"confidence_level":0.99,"lower_bound":1983442.5323076933,"upper_bound":1999695.4856326922},"point_estimate":1990566.392307692,"standard_error":3131.8465435999087},"median":{"confidence_interval":{"confidence_level":0.99,"lower_bound":1979000.0,"upper_bound":1992660.2692307692},"point_estimate":1986100.153846154,"standard_error":2605.8187139696165},"median_abs_dev":{"confidence_interval":{"confidence_level":0.99,"lower_bound":13045.226099170357,"upper_bound":23327.199474320936},"point_estimate":17178.201618102932,"standard_error":1982.5009371661806},"slope":null,"std_dev":{"confidence_interval":{"confidence_level":0.99,"lower_bound":17175.219878551074,"upper_bound":47957.945382519196},"point_estimate":31538.40521351972,"standard_error":6616.959281896903}}