{"mean":{"confidence_interval":{"confidence_level":0.99,"lower_bound":5865834.252261112,"upper_bound":5955521.669644442},"point_estimate":5899873.566666667,"standard_error":17505.25962981451},"median":{"confidence_interval":{"confidence_level":0.99,"lower_bound":5847435.222222222,"upper_bound":5884115.777777778},"point_estimate":5862134.277777778,"standard_error":6118.054327398863},"median_abs_dev":{"confidence_interval":{"confidence_level":0.99,"lower_bound":32936.27099676537,"upper_bound":70348.0372939067},"point_estimate":47079.30323084188,"standard_error":6451.404627547194},"slope":null,"std_dev":{"confidence_interval":{"confidence_level":0.99,"lower_bound":57124.376703775306,"upper_bound":309764.8383749731},"point_estimate":175481.60324699938,"standard_error":61487.371518426575}}