{"mean":{"confidence_interval":{"confidence_level":0.99,"lower_bound":21466640.7567,"upper_bound":21717276.25668332},"point_estimate":21580473.313333336,"standard_error":48413.97035457547},"median":{"confidence_interval":{"confidence_level":0.99,"lower_bound":21395680.666666668,"upper_bound":21546562.5},"point_estimate":21463666.666666664,"standard_error":28911.204964795954},"median_abs_dev":{"confidence_interval":{"confidence_level":0.99,"lower_bound":156054.02542948723,"upper_bound":335119.23795044236},"point_estimate":231543.32118928526,"standard_error":35713.83778695831},"slope":null,"std_dev":{"confidence_interval":{"confidence_level":0.99,"lower_bound":293921.7307882511,"upper_bound":657097.2231312288},"point_estimate":486995.7446148536,"standard_error":71702.54880749815}}