{"mean":{"confidence_interval":{"confidence_level":0.99,"lower_bound":11058280.677159997,"upper_bound":11183364.93847},"point_estimate":11113195.163999999,"standard_error":24607.374041845487},"median":{"confidence_interval":{"confidence_level":0.99,"lower_bound":11013425.0,"upper_bound":11077683.2},"point_estimate":11043933.4,"standard_error":10416.218983065404},"median_abs_dev":{"confidence_interval":{"confidence_level":0.99,"lower_bound":64715.18047027591,"upper_bound":136850.35275042304},"point_estimate":95473.2113850114,"standard_error":13428.860856409206},"slope":null,"std_dev":{"confidence_interval":{"confidence_level":0.99,"lower_bound":120190.73449009718,"upper_bound":364222.6957941084},"point_estimate":247901.42653377677,"standard_error":49562.84123336415}}