{"mean":{"confidence_interval":{"confidence_level":0.99,"lower_bound":1408501.5236390783,"upper_bound":1436960.3308699299},"point_estimate":1419889.3055316405,"standard_error":5670.96859058675},"median":{"confidence_interval":{"confidence_level":0.99,"lower_bound":1405853.2608695652,"upper_bound":1411157.994664634},"point_estimate":1407730.8795321637,"standard_error":1276.8755568673926},"median_abs_dev":{"confidence_interval":{"confidence_level":0.99,"lower_bound":5295.318794639427,"upper_bound":16194.61012915505},"point_estimate":9762.566160926306,"standard_error":1975.6102393360616},"slope":{"confidence_interval":{"confidence_level":0.99,"lower_bound":1406753.5686678519,"upper_bound":1477298.4597052308},"point_estimate":1433329.92136545,"standard_error":14629.400790531203},"std_dev":{"confidence_interval":{"confidence_level":0.99,"lower_bound":13506.19248147289,"upper_bound":96504.06420169686},"point_estimate":57101.8557775416,"standard_error":17532.276775632647}}