{"mean":{"confidence_interval":{"confidence_level":0.99,"lower_bound":1450427.402228355,"upper_bound":1461987.471146654},"point_estimate":1456084.4875560757,"standard_error":2253.8001248848736},"median":{"confidence_interval":{"confidence_level":0.99,"lower_bound":1445846.5333333334,"upper_bound":1462371.6046511629},"point_estimate":1458072.3454545455,"standard_error":3115.3674395484104},"median_abs_dev":{"confidence_interval":{"confidence_level":0.99,"lower_bound":16641.648752761164,"upper_bound":30878.37678693462},"point_estimate":23468.333094120266,"standard_error":2476.001197181345},"slope":{"confidence_interval":{"confidence_level":0.99,"lower_bound":1452786.0790535177,"upper_bound":1469519.1927250389},"point_estimate":1461259.8600413774,"standard_error":3269.1546812726097},"std_dev":{"confidence_interval":{"confidence_level":0.99,"lower_bound":18339.713982739482,"upper_bound":27110.969873768267},"point_estimate":22648.333067019168,"standard_error":1725.9486380298795}}