{"mean":{"confidence_interval":{"confidence_level":0.99,"lower_bound":11195889.88762,"upper_bound":11339839.576620005},"point_estimate":11264211.998000002,"standard_error":27934.10669118273},"median":{"confidence_interval":{"confidence_level":0.99,"lower_bound":11120950.0,"upper_bound":11374479.2},"point_estimate":11318716.7,"standard_error":47052.47206879775},"median_abs_dev":{"confidence_interval":{"confidence_level":0.99,"lower_bound":147543.6050605785,"upper_bound":346453.05227412796},"point_estimate":276418.45951259165,"standard_error":38299.868754726325},"slope":null,"std_dev":{"confidence_interval":{"confidence_level":0.99,"lower_bound":205155.40006583865,"upper_bound":362599.8650003712},"point_estimate":279961.0226309132,"standard_error":32139.763751292}}