{"mean":{"confidence_interval":{"confidence_level":0.99,"lower_bound":2407247.7405524994,"upper_bound":2446333.8823050004},"point_estimate":2423954.648,"standard_error":7596.776872658226},"median":{"confidence_interval":{"confidence_level":0.99,"lower_bound":2419054.175,"upper_bound":2443354.15},"point_estimate":2440476.05,"standard_error":3407.446287679818},"median_abs_dev":{"confidence_interval":{"confidence_level":0.99,"lower_bound":9816.034970730128,"upper_bound":66726.27284902186},"point_estimate":23914.6711604302,"standard_error":9971.380764267826},"slope":null,"std_dev":{"confidence_interval":{"confidence_level":0.99,"lower_bound":41381.944856775655,"upper_bound":125636.95053264094},"point_estimate":76351.09244281054,"standard_error":20808.160115409955}}