{"mean":{"confidence_interval":{"confidence_level":0.99,"lower_bound":3275141.1676423065,"upper_bound":3505034.8166769235},"point_estimate":3383876.82923077,"standard_error":44676.24214453031},"median":{"confidence_interval":{"confidence_level":0.99,"lower_bound":3146996.807692308,"upper_bound":3157740.3846153845},"point_estimate":3149333.346153846,"standard_error":2196.53070489663},"median_abs_dev":{"confidence_interval":{"confidence_level":0.99,"lower_bound":11041.000980944696,"upper_bound":32175.15653646957},"point_estimate":15510.276647714867,"standard_error":3966.0536134290483},"slope":null,"std_dev":{"confidence_interval":{"confidence_level":0.99,"lower_bound":344622.77843525633,"upper_bound":521677.7346270582},"point_estimate":449597.29516414955,"standard_error":34656.57417784193}}