{"mean":{"confidence_interval":{"confidence_level":0.99,"lower_bound":3182647.001875,"upper_bound":3222579.7961},"point_estimate":3200214.818125,"standard_error":7830.540058024272},"median":{"confidence_interval":{"confidence_level":0.99,"lower_bound":3167860.6875,"upper_bound":3178596.3125},"point_estimate":3173311.1875,"standard_error":2233.697396745716},"median_abs_dev":{"confidence_interval":{"confidence_level":0.99,"lower_bound":13003.606381639838,"upper_bound":31053.51976118982},"point_estimate":19607.801633141935,"standard_error":3648.111314619633},"slope":null,"std_dev":{"confidence_interval":{"confidence_level":0.99,"lower_bound":38393.506865863565,"upper_bound":111779.60059488108},"point_estimate":78502.65459216782,"standard_error":14354.269166282782}}