{"mean":{"confidence_interval":{"confidence_level":0.99,"lower_bound":2708854.3538083327,"upper_bound":2740887.878355555},"point_estimate":2722765.578333333,"standard_error":6282.562599612033},"median":{"confidence_interval":{"confidence_level":0.99,"lower_bound":2697445.611111111,"upper_bound":2710525.5},"point_estimate":2701379.638888889,"standard_error":2401.1048865762386},"median_abs_dev":{"confidence_interval":{"confidence_level":0.99,"lower_bound":8116.575922568562,"upper_bound":20495.602677213203},"point_estimate":14304.28927938128,"standard_error":2346.3511100011297},"slope":null,"std_dev":{"confidence_interval":{"confidence_level":0.99,"lower_bound":33795.05090820887,"upper_bound":95068.63792681228},"point_estimate":62983.072004894966,"standard_error":12870.097437918264}}