{"mean":{"confidence_interval":{"confidence_level":0.99,"lower_bound":6107640.287862499,"upper_bound":6187704.91204375},"point_estimate":6143682.395,"standard_error":15712.35853271733},"median":{"confidence_interval":{"confidence_level":0.99,"lower_bound":6065229.1875,"upper_bound":6104135.375},"point_estimate":6077927.0625,"standard_error":8643.550291504163},"median_abs_dev":{"confidence_interval":{"confidence_level":0.99,"lower_bound":28223.421736434102,"upper_bound":103627.52977274358},"point_estimate":46616.927659884095,"standard_error":13654.534617889229},"slope":null,"std_dev":{"confidence_interval":{"confidence_level":0.99,"lower_bound":85795.21237206689,"upper_bound":222206.3992717314},"point_estimate":157982.4219109159,"standard_error":27084.47027179981}}