{"mean":{"confidence_interval":{"confidence_level":0.99,"lower_bound":11196856.732870003,"upper_bound":11282602.412000002},"point_estimate":11232035.164,"standard_error":16802.778477446136},"median":{"confidence_interval":{"confidence_level":0.99,"lower_bound":11180916.8,"upper_bound":11230983.4},"point_estimate":11210987.5,"standard_error":8491.976617811504},"median_abs_dev":{"confidence_interval":{"confidence_level":0.99,"lower_bound":54967.33249623478,"upper_bound":99012.91882216903},"point_estimate":77231.15304887322,"standard_error":8695.912563873117},"slope":null,"std_dev":{"confidence_interval":{"confidence_level":0.99,"lower_bound":66122.74902322103,"upper_bound":266119.68766227213},"point_estimate":168289.64613641897,"standard_error":45469.956387191705}}