{"mean":{"confidence_interval":{"confidence_level":0.99,"lower_bound":43145443.109275006,"upper_bound":43802150.635825},"point_estimate":43451323.125,"standard_error":127829.02465080582},"median":{"confidence_interval":{"confidence_level":0.99,"lower_bound":42784479.5,"upper_bound":43273542.0},"point_estimate":43000468.75,"standard_error":85163.29073376488},"median_abs_dev":{"confidence_interval":{"confidence_level":0.99,"lower_bound":451034.7107425332,"upper_bound":1032245.4056739807},"point_estimate":727462.1399849653,"standard_error":104249.5626193838},"slope":null,"std_dev":{"confidence_interval":{"confidence_level":0.99,"lower_bound":872677.4038018086,"upper_bound":1708093.578289388},"point_estimate":1292259.7877169128,"standard_error":166817.5008319084}}