{"mean":{"confidence_interval":{"confidence_level":0.99,"lower_bound":356459.5320011435,"upper_bound":358908.18799454055},"point_estimate":357712.09061417246,"standard_error":474.18140522616653},"median":{"confidence_interval":{"confidence_level":0.99,"lower_bound":358082.4074074074,"upper_bound":359125.8},"point_estimate":358752.08747814555,"standard_error":180.60381381500838},"median_abs_dev":{"confidence_interval":{"confidence_level":0.99,"lower_bound":1088.6198958534305,"upper_bound":2468.5475651988354},"point_estimate":1623.6575429358209,"standard_error":253.30583609320885},"slope":{"confidence_interval":{"confidence_level":0.99,"lower_bound":358368.98709864466,"upper_bound":359247.92054130003},"point_estimate":358757.41148810403,"standard_error":168.57298249051206},"std_dev":{"confidence_interval":{"confidence_level":0.99,"lower_bound":3635.3286431913557,"upper_bound":5697.469204997846},"point_estimate":4776.747019718671,"standard_error":397.9054901151932}}