{"mean":{"confidence_interval":{"confidence_level":0.99,"lower_bound":11004991.206550002,"upper_bound":11123658.494},"point_estimate":11056914.488000002,"standard_error":23155.177392051613},"median":{"confidence_interval":{"confidence_level":0.99,"lower_bound":10973383.2,"upper_bound":11019258.4},"point_estimate":10992012.5,"standard_error":6914.987216171819},"median_abs_dev":{"confidence_interval":{"confidence_level":0.99,"lower_bound":50130.411610007286,"upper_bound":130950.64267516136},"point_estimate":87244.78153109523,"standard_error":15837.87058627454},"slope":null,"std_dev":{"confidence_interval":{"confidence_level":0.99,"lower_bound":115961.07774012478,"upper_bound":340060.2065354476},"point_estimate":230443.73114829528,"standard_error":46398.51246808464}}