{"mean":{"confidence_interval":{"confidence_level":0.99,"lower_bound":2010096.2748240004,"upper_bound":2053535.8532619998},"point_estimate":2028638.0979999998,"standard_error":8540.103886570076},"median":{"confidence_interval":{"confidence_level":0.99,"lower_bound":2002615.0,"upper_bound":2011952.5},"point_estimate":2007206.6800000002,"standard_error":1863.831040126892},"median_abs_dev":{"confidence_interval":{"confidence_level":0.99,"lower_bound":10463.449314236641,"upper_bound":29601.324206471367},"point_estimate":21561.955501198892,"standard_error":3875.6050384634805},"slope":null,"std_dev":{"confidence_interval":{"confidence_level":0.99,"lower_bound":30507.635615663192,"upper_bound":129739.46206532088},"point_estimate":86125.31855117375,"standard_error":19375.82185274979}}