{"mean":{"confidence_interval":{"confidence_level":0.99,"lower_bound":2051522.0288979164,"upper_bound":2057405.7822062506},"point_estimate":2054273.7337500006,"standard_error":1134.1933972564234},"median":{"confidence_interval":{"confidence_level":0.99,"lower_bound":2049861.125,"upper_bound":2056158.0},"point_estimate":2051805.5625,"standard_error":1039.142155111703},"median_abs_dev":{"confidence_interval":{"confidence_level":0.99,"lower_bound":5187.796455398201,"upper_bound":11604.680643975735},"point_estimate":8205.78931681806,"standard_error":1174.1541967618855},"slope":null,"std_dev":{"confidence_interval":{"confidence_level":0.99,"lower_bound":7601.712948091184,"upper_bound":15209.206859789392},"point_estimate":11450.950913761102,"standard_error":1533.2453653136176}}