{"mean":{"confidence_interval":{"confidence_level":0.99,"lower_bound":31494282.817175,"upper_bound":31834946.323675},"point_estimate":31643495.855,"standard_error":66996.58558615469},"median":{"confidence_interval":{"confidence_level":0.99,"lower_bound":31392604.0,"upper_bound":31573687.5},"point_estimate":31496937.5,"standard_error":39353.37724591113},"median_abs_dev":{"confidence_interval":{"confidence_level":0.99,"lower_bound":170591.65947139263,"upper_bound":319747.22505985206},"point_estimate":252814.05946165323,"standard_error":26679.362889420732},"slope":null,"std_dev":{"confidence_interval":{"confidence_level":0.99,"lower_bound":314496.38419521775,"upper_bound":979561.6851697665},"point_estimate":674682.6460042557,"standard_error":130981.98694690157}}