{"mean":{"confidence_interval":{"confidence_level":0.99,"lower_bound":10707481.898880005,"upper_bound":10786449.141770002},"point_estimate":10743520.986000001,"standard_error":15464.303127033016},"median":{"confidence_interval":{"confidence_level":0.99,"lower_bound":10682000.0,"upper_bound":10748141.8},"point_estimate":10716558.4,"standard_error":11036.70475024868},"median_abs_dev":{"confidence_interval":{"confidence_level":0.99,"lower_bound":69151.13145232311,"upper_bound":144312.57493793964},"point_estimate":100724.13571178913,"standard_error":14187.187925876808},"slope":null,"std_dev":{"confidence_interval":{"confidence_level":0.99,"lower_bound":93569.57841713598,"upper_bound":214537.9259791039},"point_estimate":155347.58932285896,"standard_error":24538.443746399527}}