{"mean":{"confidence_interval":{"confidence_level":0.99,"lower_bound":2500342.9702850007,"upper_bound":2698028.8134649997},"point_estimate":2595170.1465,"standard_error":38682.78347681915},"median":{"confidence_interval":{"confidence_level":0.99,"lower_bound":2362847.925,"upper_bound":2388414.575},"point_estimate":2372837.5250000004,"standard_error":4754.7354986427035},"median_abs_dev":{"confidence_interval":{"confidence_level":0.99,"lower_bound":27906.831044554572,"upper_bound":77518.6230680448},"point_estimate":48287.94755771742,"standard_error":8990.275849124857},"slope":null,"std_dev":{"confidence_interval":{"confidence_level":0.99,"lower_bound":314517.57435724954,"upper_bound":436929.8184380459},"point_estimate":389563.28217503714,"standard_error":23741.460393385114}}