{"mean":{"confidence_interval":{"confidence_level":0.99,"lower_bound":6042295.066888891,"upper_bound":6096524.772288891},"point_estimate":6067938.425555553,"standard_error":10611.416941493895},"median":{"confidence_interval":{"confidence_level":0.99,"lower_bound":6010847.222222222,"upper_bound":6055060.111111111},"point_estimate":6020807.888888888,"standard_error":6961.824773538942},"median_abs_dev":{"confidence_interval":{"confidence_level":0.99,"lower_bound":28996.525551875588,"upper_bound":90816.1671876912},"point_estimate":56242.759468157776,"standard_error":10958.533550096605},"slope":null,"std_dev":{"confidence_interval":{"confidence_level":0.99,"lower_bound":80327.02621379604,"upper_bound":129683.54984952927},"point_estimate":106593.75125378912,"standard_error":9626.151950898377}}