{"mean":{"confidence_interval":{"confidence_level":0.99,"lower_bound":6030321.274416665,"upper_bound":6123546.59455},"point_estimate":6073083.192222221,"standard_error":18278.926473275664},"median":{"confidence_interval":{"confidence_level":0.99,"lower_bound":5980958.333333334,"upper_bound":6071870.333333333},"point_estimate":6006043.944444444,"standard_error":16311.021442964482},"median_abs_dev":{"confidence_interval":{"confidence_level":0.99,"lower_bound":61980.541621626144,"upper_bound":153919.2462007203},"point_estimate":104996.82410259987,"standard_error":19419.28815335125},"slope":null,"std_dev":{"confidence_interval":{"confidence_level":0.99,"lower_bound":111395.25208694294,"upper_bound":246634.04536864767},"point_estimate":183437.97606567162,"standard_error":26874.21801140554}}